project_ID,longitude,latitude,total_c_to_2012,count,agriculture__actual_potential_yield_gap__2000,socioeconomics__local_economic_activity__1995,socioeconomics__urban_areas__1995
8723851751,85.52138,27.62979,8250587.28,1040,3.0,960.439331055,2.0
8723851751,85.5944,27.6766,8250587.28,1040,3.0,960.439331055,1.0
8723851751,85.545,27.5465,8250587.28,1040,3.0,960.439331055,1.0
8723851751,85.7206,27.4467,8250587.28,1040,3.0,960.439331055,1.0
8723851751,85.7546,27.4294,8250587.28,1040,3.0,960.439331055,1.0
8723851751,85.6762,27.4169,8250587.28,1040,3.0,960.439331055,1.0
8723851751,85.7795,27.6288,8250587.28,1040,3.0,960.439331055,1.0
8723851751,85.52431,27.52227,8250587.28,1040,3.0,960.439331055,1.0
8723851751,85.6455,27.6088,8250587.28,1040,3.0,960.439331055,1.0
8723851751,85.54281,27.6221,8250587.28,1040,3.0,960.439331055,2.0
8723851751,85.4833,27.514,8250587.28,1040,2.0,960.439331055,1.0
8723851751,85.66667,27.58333,8250587.28,1040,3.0,960.439331055,1.0
8723851508,85.35,27.66667,1885447.14,2,3.0,960.439331055,2.0
87238983285,85.35,27.66667,2598621.38,1,3.0,960.439331055,2.0
8723851751,85.25,27.91667,8250587.28,1040,3.0,960.439331055,1.0
8723851751,85.33333,28.16667,8250587.28,1040,3.0,960.439575195,1.0
8723851751,85.7104,27.7752,8250587.28,1040,3.0,960.439331055,1.0
8723851751,85.54504,27.82936,8250587.28,1040,3.0,960.439331055,1.0
8723851751,85.94162,27.94193,8250587.28,1040,0.0,960.439331055,1.0
8723851751,86.01,26.83,8250587.28,1040,3.0,960.439758301,1.0
8723851751,86.25,27.83333,8250587.28,1040,3.0,960.439575195,1.0
8723851751,85.83333,26.91667,8250587.28,1040,3.0,960.439208984,1.0
8723851751,86.3452,27.57901,8250587.28,1040,3.0,960.439575195,1.0
8723851751,86.08333,27.41667,8250587.28,1040,3.0,960.439575195,1.0
8723851751,86.25844,27.59048,8250587.28,1040,3.0,960.439575195,1.0
8723851751,85.58333,27.0,8250587.28,1040,3.0,960.439208984,1.0
8723851751,86.0,27.25,8250587.28,1040,0.0,960.439575195,1.0
8723893297,85.22301,27.45436,6283326.03,2,3.0,960.439331055,1.0
8723851751,85.26667,26.76667,8250587.28,1040,3.0,671.049804688,2.0
8723851751,85.33333,27.0,8250587.28,1040,3.0,671.049804688,1.0
8723893297,87.14802,27.23998,6283326.03,2,3.0,960.439453125,1.0
8723851751,87.55,27.15,8250587.28,1040,3.0,960.439453125,1.0
8723851751,87.5,26.66667,8250587.28,1040,3.0,960.43927002,1.0
8723851751,87.16667,26.66667,8250587.28,1040,3.0,960.43927002,1.0
8723851751,87.91667,26.58333,8250587.28,1040,3.0,960.43927002,1.0
8723851751,86.75,26.58333,8250587.28,1040,3.0,960.439758301,1.0
8723851751,86.33333,26.75,8250587.28,1040,3.0,960.439758301,2.0
8723851751,86.75,26.53333,8250587.28,1040,3.0,960.439758301,2.0
8723851751,86.66667,26.91667,8250587.28,1040,3.0,960.439758301,1.0
8723851751,80.5356,29.5197,8250587.28,1040,3.0,960.43951416,1.0
8723851751,80.5377,29.4931,8250587.28,1040,3.0,960.43951416,1.0
8723851751,80.58333,29.5,8250587.28,1040,3.0,960.43951416,1.0
8723851751,80.41667,29.25,8250587.28,1040,0.0,960.43951416,1.0
8723851751,80.75,29.91667,8250587.28,1040,3.0,960.43951416,1.0
8723851751,80.33333,28.83333,8250587.28,1040,3.0,960.439575195,1.0
8723851751,80.59611,28.70792,8250587.28,1040,3.0,960.439575195,2.0
8723851751,80.52275,28.83521,8250587.28,1040,3.0,960.439575195,1.0
8723851751,80.91667,28.75,8250587.28,1040,3.0,960.439575195,1.0
8723851751,81.61667,28.05,8250587.28,1040,3.0,960.440002441,2.0
8723851751,81.83333,28.16667,8250587.28,1040,3.0,960.440002441,1.0
8723851751,81.33333,28.23333,8250587.28,1040,4.0,1284.24829102,2.0
8723851751,81.41667,28.33333,8250587.28,1040,3.0,1284.24829102,1.0
8723851751,81.71011,28.84434,8250587.28,1040,3.0,960.440002441,1.0
8723851751,81.63389,28.60194,8250587.28,1040,3.0,960.440002441,1.0
8723851751,81.7787,28.51746,8250587.28,1040,0.0,960.440002441,1.0
8723851751,81.9645,29.2964,8250587.28,1040,3.0,960.43951416,1.0
8723851751,82.18333,29.27528,8250587.28,1040,3.0,960.43963623,2.0
8723851751,81.79695,29.12247,8250587.28,1040,3.0,960.43951416,1.0
8723851751,81.83333,29.25,8250587.28,1040,3.0,960.43951416,1.0
8723851751,82.5493,27.87133,8250587.28,1040,3.0,960.439575195,1.0
8723851751,82.3788,28.1274,8250587.28,1040,3.0,960.439453125,1.0
8723851751,82.1864,28.2044,8250587.28,1040,3.0,960.439453125,1.0
8723851751,82.4286,27.7739,8250587.28,1040,3.0,1284.24829102,1.0
8723851751,82.5253,27.7791,8250587.28,1040,3.0,960.439575195,1.0
8723851751,82.48789,28.04595,8250587.28,1040,3.0,960.439453125,1.0
8723851751,82.29726,28.13099,8250587.28,1040,3.0,960.439453125,2.0
8723851751,82.31712,28.11681,8250587.28,1040,3.0,960.439453125,2.0
8723851751,82.83333,28.08333,8250587.28,1040,3.0,960.439453125,1.0
8723851751,82.75,28.41667,8250587.28,1040,3.0,960.439453125,1.0
8723851751,82.58333,28.75,8250587.28,1040,3.0,960.439453125,1.0
8723851751,82.61007,28.6119,8250587.28,1040,3.0,960.439453125,1.0
8723851751,82.1703,28.37858,8250587.28,1040,3.0,960.439453125,1.0
8723851751,83.58976,28.27189,8250587.28,1040,3.0,960.439453125,2.0
8723851751,83.16667,28.41667,8250587.28,1040,3.0,960.439453125,1.0
8723851751,83.66667,28.41667,8250587.28,1040,3.0,960.439453125,1.0
8723851751,83.33333,28.58333,8250587.28,1040,3.0,960.439453125,1.0
872381173246,84.0,28.0,1366705.53,1,3.0,960.43963623,1.0
8723851508,84.0,28.0,1885447.14,2,3.0,960.43963623,1.0
8723883717,84.0,28.0,8153554.74,1,3.0,960.43963623,1.0
87238983290,84.0,28.0,2645984.46,1,3.0,960.43963623,1.0
8723851751,82.91667,27.66667,8250587.28,1040,3.0,960.439575195,2.0
8723851751,83.91667,27.66667,8250587.28,1040,3.0,960.439453125,1.0
8723851751,85.8102,27.6557,8250587.28,1040,3.0,960.439331055,1.0
8723851751,81.61667,29.15,8250587.28,1040,3.0,960.43951416,1.0
8723851751,85.5155,27.4512,8250587.28,1040,3.0,960.439331055,1.0
8723851751,85.7782,27.5851,8250587.28,1040,3.0,960.439331055,1.0
8723851751,85.6522,27.6471,8250587.28,1040,3.0,960.439331055,1.0
8723851751,85.4589,27.5533,8250587.28,1040,2.0,960.439331055,1.0
8723851751,85.5346,26.9033,8250587.28,1040,3.0,960.439208984,1.0
8723851751,85.6163,26.9557,8250587.28,1040,3.0,960.439208984,1.0
8723851751,85.6099,26.9761,8250587.28,1040,3.0,960.439208984,1.0
8723851751,85.4905,26.9073,8250587.28,1040,3.0,671.049804688,1.0
8723851751,85.674,26.9853,8250587.28,1040,3.0,960.439208984,1.0
8723851751,85.6223,26.9238,8250587.28,1040,3.0,960.439208984,1.0
8723851751,85.5529,26.937,8250587.28,1040,3.0,960.439208984,1.0
8723851751,85.5221,26.9579,8250587.28,1040,3.0,960.439208984,1.0
8723851751,85.77724,27.09277,8250587.28,1040,3.0,960.439331055,1.0
8723851751,85.3664,26.832,8250587.28,1040,3.0,671.049804688,1.0
8723851751,85.2428,26.999,8250587.28,1040,3.0,671.049804688,1.0
8723851751,85.3394,27.1588,8250587.28,1040,3.0,960.439331055,1.0
8723851751,85.3549,27.0518,8250587.28,1040,3.0,960.439331055,1.0
8723851751,85.3295,26.8445,8250587.28,1040,3.0,671.049804688,1.0
8723851751,85.3232,26.9494,8250587.28,1040,3.0,671.049804688,1.0
8723851751,80.4521,29.7609,8250587.28,1040,3.0,2746.05786133,1.0
8723851751,80.514,29.6916,8250587.28,1040,3.0,960.43951416,1.0
8723851751,80.6913,29.836,8250587.28,1040,3.0,960.43951416,1.0
8723851751,80.6885,29.9167,8250587.28,1040,3.0,960.43951416,1.0
8723851751,80.961,30.1012,8250587.28,1040,0.0,2746.05786133,1.0
8723851751,80.6009,29.8439,8250587.28,1040,3.0,960.43951416,1.0
8723851751,80.4143,29.6955,8250587.28,1040,4.0,2746.05786133,1.0
8723851751,80.6203,29.7107,8250587.28,1040,3.0,960.43951416,1.0
8723851751,80.5145,29.7814,8250587.28,1040,3.0,960.43951416,1.0
8723851751,80.6189,29.8728,8250587.28,1040,3.0,960.43951416,1.0
8723851751,80.6157,29.7523,8250587.28,1040,3.0,960.43951416,1.0
8723851751,80.551,29.6872,8250587.28,1040,3.0,960.43951416,1.0
8723851751,80.8778,29.7459,8250587.28,1040,3.0,960.43951416,1.0
8723851751,80.5274,29.7285,8250587.28,1040,3.0,960.43951416,1.0
8723851751,80.4357,29.7173,8250587.28,1040,0.0,2746.05786133,1.0
8723851751,80.5855,29.9169,8250587.28,1040,3.0,960.43951416,1.0
8723851751,80.6044,29.8125,8250587.28,1040,3.0,960.43951416,1.0
8723851751,80.5472,29.8166,8250587.28,1040,3.0,960.43951416,1.0
8723851751,80.9759,29.8016,8250587.28,1040,3.0,960.43951416,1.0
8723851751,80.6396,29.7876,8250587.28,1040,3.0,960.43951416,1.0
8723851751,80.4487,29.6816,8250587.28,1040,0.0,2746.05786133,1.0
8723851751,80.4283,29.6465,8250587.28,1040,3.0,2746.05786133,1.0
8723851751,80.7703,29.7165,8250587.28,1040,3.0,960.43951416,1.0
8723851751,80.4933,29.7469,8250587.28,1040,0.0,2746.05786133,1.0
8723851751,80.6073,29.9135,8250587.28,1040,3.0,960.43951416,1.0
8723851751,80.579,29.7182,8250587.28,1040,3.0,960.43951416,1.0
8723851751,80.7807,29.7559,8250587.28,1040,3.0,960.43951416,1.0
8723851751,80.7901,29.9833,8250587.28,1040,3.0,960.43951416,1.0
8723851751,80.4869,29.6763,8250587.28,1040,0.0,2746.05786133,1.0
8723851751,80.4377,29.7392,8250587.28,1040,0.0,2746.05786133,1.0
8723851751,80.7093,29.7343,8250587.28,1040,3.0,960.43951416,1.0
8723851751,80.4859,29.6454,8250587.28,1040,3.0,2746.05786133,1.0
8723851751,80.6576,29.7004,8250587.28,1040,3.0,960.43951416,1.0
8723851751,80.7018,29.7727,8250587.28,1040,3.0,960.43951416,1.0
8723851751,80.7717,29.836,8250587.28,1040,3.0,960.43951416,1.0
8723851751,81.1903,28.639,8250587.28,1040,3.0,960.440002441,1.0
8723851751,80.8158,28.6153,8250587.28,1040,3.0,960.439575195,1.0
8723851751,80.9845,28.4904,8250587.28,1040,3.0,1293.86157227,1.0
8723851751,81.0407,28.5915,8250587.28,1040,3.0,960.440002441,1.0
8723851751,80.7348,28.7711,8250587.28,1040,3.0,960.439575195,1.0
8723851751,80.9511,28.6394,8250587.28,1040,3.0,960.439575195,1.0
8723851751,81.1431,28.5561,8250587.28,1040,3.0,960.440002441,1.0
8723851751,80.565,28.7762,8250587.28,1040,3.0,960.439575195,1.0
8723851751,80.9435,28.5484,8250587.28,1040,3.0,960.439575195,1.0
8723851751,80.8197,28.579,8250587.28,1040,3.0,960.439575195,1.0
8723851751,81.0923,28.5827,8250587.28,1040,3.0,960.440002441,1.0
8723851751,81.95,29.2258,8250587.28,1040,3.0,960.43951416,1.0
8723851751,80.7624,28.8736,8250587.28,1040,0.0,960.439575195,1.0
8723851751,80.9479,28.4676,8250587.28,1040,3.0,1293.86157227,1.0
8723851751,80.8535,28.7521,8250587.28,1040,3.0,960.439575195,1.0
8723851751,80.8791,28.8754,8250587.28,1040,0.0,960.439575195,1.0
8723851751,81.0782,28.5437,8250587.28,1040,3.0,960.440002441,1.0
8723851751,81.0605,28.4687,8250587.28,1040,3.0,1284.24829102,1.0
8723851751,80.7207,28.9685,8250587.28,1040,0.0,960.439575195,1.0
8723851751,80.8866,28.6496,8250587.28,1040,3.0,960.439575195,1.0
8723851751,81.1881,28.5838,8250587.28,1040,3.0,960.440002441,1.0
8723851751,80.7068,28.6143,8250587.28,1040,3.0,960.439575195,1.0
8723851751,81.0829,28.611,8250587.28,1040,3.0,960.440002441,1.0
8723851751,80.9444,28.76,8250587.28,1040,3.0,960.439575195,1.0
8723851751,80.9933,28.6883,8250587.28,1040,3.0,960.439575195,1.0
8723851751,81.152,28.7717,8250587.28,1040,3.0,960.440002441,1.0
8723851751,81.0197,28.5017,8250587.28,1040,3.0,960.440002441,1.0
8723851751,80.8329,28.6684,8250587.28,1040,3.0,960.439575195,1.0
8723851751,82.2364,29.2298,8250587.28,1040,3.0,960.43963623,1.0
8723851751,81.9637,29.3661,8250587.28,1040,3.0,960.43951416,1.0
8723851751,82.3182,29.3959,8250587.28,1040,3.0,960.43963623,1.0
8723851751,82.265,29.253,8250587.28,1040,3.0,960.43963623,1.0
8723851751,81.9437,29.1807,8250587.28,1040,3.0,960.43951416,1.0
8723851751,81.8877,29.2395,8250587.28,1040,3.0,960.43951416,1.0
8723851751,82.1328,29.4049,8250587.28,1040,3.0,960.43963623,1.0
8723851751,82.1756,29.3152,8250587.28,1040,3.0,960.43963623,1.0
8723851751,82.3716,29.3458,8250587.28,1040,0.0,960.43963623,1.0
8723851751,82.0327,29.4091,8250587.28,1040,3.0,960.43963623,1.0
8723851751,82.1723,29.2555,8250587.28,1040,3.0,960.43963623,1.0
8723851751,82.16498,29.28792,8250587.28,1040,3.0,960.43963623,2.0
8723851751,82.0056,29.1569,8250587.28,1040,3.0,960.43963623,1.0
8723851751,82.0165,29.3431,8250587.28,1040,3.0,960.43963623,1.0
8723851751,81.9662,29.4114,8250587.28,1040,3.0,960.43951416,1.0
8723851751,82.4658,29.3394,8250587.28,1040,0.0,960.43963623,1.0
8723851751,82.2212,29.3675,8250587.28,1040,3.0,960.43963623,1.0
8723851751,82.1239,29.2895,8250587.28,1040,3.0,960.43963623,1.0
8723851751,82.0873,29.0892,8250587.28,1040,3.0,960.43963623,1.0
8723851751,81.6683,29.1976,8250587.28,1040,3.0,960.43951416,1.0
8723851751,82.5839,27.7895,8250587.28,1040,3.0,960.439575195,1.0
8723851751,82.3524,28.1654,8250587.28,1040,3.0,960.439453125,1.0
8723851751,82.7396,27.8594,8250587.28,1040,3.0,960.439575195,1.0
8723851751,82.48995,27.95639,8250587.28,1040,3.0,1284.24829102,1.0
8723851751,82.3367,28.0811,8250587.28,1040,3.0,960.439453125,1.0
8723851751,82.4177,28.0534,8250587.28,1040,3.0,960.439453125,1.0
8723851751,82.2504,28.1712,8250587.28,1040,0.0,960.439453125,1.0
8723851751,82.2486,27.8743,8250587.28,1040,0.0,1284.24829102,1.0
8723851751,82.5625,27.969,8250587.28,1040,3.0,960.439575195,1.0
8723851751,82.349,27.9303,8250587.28,1040,3.0,1284.24829102,1.0
8723851751,82.6539,27.865,8250587.28,1040,3.0,960.439575195,1.0
8723851751,82.5937,27.8811,8250587.28,1040,3.0,960.439575195,1.0
8723851751,82.2715,28.0936,8250587.28,1040,3.0,960.439453125,1.0
8723851751,82.2513,28.0623,8250587.28,1040,3.0,960.439453125,1.0
8723851751,87.4012,26.4889,8250587.28,1040,3.0,730.61932373,1.0
8723851751,80.5742,29.8728,8250587.28,1040,4.0,960.43951416,1.0
8723851751,80.4218,29.7829,8250587.28,1040,3.0,2746.05786133,1.0
8723851751,80.6384,29.9003,8250587.28,1040,3.0,960.43951416,1.0
8723851751,80.6284,28.7607,8250587.28,1040,3.0,960.439575195,1.0
8723851751,81.0517,28.4328,8250587.28,1040,3.0,1284.24829102,1.0
8723851751,80.8039,28.5455,8250587.28,1040,3.0,960.439575195,1.0
8723851751,80.6141,28.8074,8250587.28,1040,3.0,960.439575195,1.0
8723851751,85.802,27.5472,8250587.28,1040,3.0,960.439331055,1.0
8723851751,85.4554,27.5783,8250587.28,1040,2.0,960.439331055,1.0
8723851751,85.8079,27.5238,8250587.28,1040,3.0,960.439331055,1.0
8723851751,85.6148,27.7156,8250587.28,1040,3.0,960.439331055,1.0
8723851751,85.71672,27.48442,8250587.28,1040,3.0,960.439331055,1.0
8723851751,85.4421,27.4239,8250587.28,1040,3.0,960.439331055,1.0
8723851751,85.8577,27.6123,8250587.28,1040,3.0,960.439331055,1.0
8723851751,85.5308,27.6591,8250587.28,1040,3.0,960.439331055,1.0
8723851751,85.5658,27.705,8250587.28,1040,3.0,960.439331055,1.0
8723851751,85.6159,27.6424,8250587.28,1040,3.0,960.439331055,1.0
8723851751,85.8113,27.5698,8250587.28,1040,3.0,960.439331055,1.0
8723851751,85.4767,27.4212,8250587.28,1040,3.0,960.439331055,1.0
8723851751,85.5008,27.392,8250587.28,1040,3.0,960.439331055,1.0
8723851751,85.7458,27.6552,8250587.28,1040,3.0,960.439331055,1.0
8723851751,85.5546,27.5907,8250587.28,1040,3.0,960.439331055,1.0
8723851751,85.7939,27.6494,8250587.28,1040,3.0,960.439331055,1.0
8723851751,85.6292,26.8957,8250587.28,1040,4.0,960.439208984,1.0
8723851751,85.661,27.0376,8250587.28,1040,3.0,960.439331055,1.0
8723851751,85.6707,26.8582,8250587.28,1040,3.0,960.439208984,1.0
8723851751,85.4889,26.8178,8250587.28,1040,4.0,671.049804688,1.0
8723851751,85.407,26.8485,8250587.28,1040,3.0,671.049804688,1.0
8723851751,86.223,27.1586,8250587.28,1040,0.0,960.439575195,1.0
8723851751,86.0327,27.2801,8250587.28,1040,3.0,960.439575195,1.0
8723851751,86.0498,27.1156,8250587.28,1040,3.0,960.439575195,1.0
8723851751,85.9179,27.2861,8250587.28,1040,0.0,960.439331055,1.0
8723851751,85.9919,27.3175,8250587.28,1040,0.0,960.439331055,1.0
8723851751,86.0643,27.1591,8250587.28,1040,3.0,960.439575195,1.0
8723851751,85.8301,27.2368,8250587.28,1040,0.0,960.439331055,1.0
8723851751,86.2767,26.9844,8250587.28,1040,3.0,960.439758301,1.0
8723851751,86.1928,26.9945,8250587.28,1040,3.0,960.439758301,1.0
8723851751,86.1334,27.1174,8250587.28,1040,3.0,960.439575195,1.0
8723851751,85.8559,27.3911,8250587.28,1040,3.0,960.439331055,1.0
8723851751,86.342,27.0392,8250587.28,1040,3.0,960.439575195,1.0
8723851751,85.6851,27.2221,8250587.28,1040,3.0,960.439331055,1.0
8723851751,85.6733,27.3011,8250587.28,1040,3.0,960.439331055,1.0
8723851751,85.5818,27.1843,8250587.28,1040,3.0,960.439331055,1.0
8723851751,86.1726,27.1126,8250587.28,1040,0.0,960.439575195,1.0
8723851751,86.2965,27.1434,8250587.28,1040,0.0,960.439575195,1.0
8723851751,85.2451,26.8855,8250587.28,1040,3.0,671.049804688,1.0
8723851751,85.2428,27.1016,8250587.28,1040,3.0,960.439331055,1.0
8723851751,87.3482,26.391,8250587.28,1040,4.0,730.61932373,1.0
8723851751,87.5844,26.6368,8250587.28,1040,3.0,960.43927002,1.0
8723851751,87.5495,26.6195,8250587.28,1040,3.0,960.43927002,1.0
8723851751,80.3904,29.7261,8250587.28,1040,4.0,2746.05786133,1.0
8723851751,81.3008,28.4094,8250587.28,1040,3.0,1284.24829102,1.0
8723851751,81.3488,28.3665,8250587.28,1040,3.0,1284.24829102,1.0
8723851751,81.5388,29.1527,8250587.28,1040,3.0,960.43951416,1.0
8723851751,81.5733,29.1594,8250587.28,1040,3.0,960.43951416,1.0
8723851751,81.5635,29.1982,8250587.28,1040,3.0,960.43951416,1.0
8723851751,81.5942,29.3242,8250587.28,1040,3.0,960.43951416,1.0
8723851751,81.7106,29.2976,8250587.28,1040,3.0,960.43951416,1.0
8723851751,81.87791,29.00691,8250587.28,1040,3.0,960.43951416,1.0
8723851751,81.7398,29.1431,8250587.28,1040,3.0,960.43951416,1.0
8723851751,81.8675,29.2072,8250587.28,1040,3.0,960.43951416,1.0
8723851751,81.65975,29.30573,8250587.28,1040,3.0,960.43951416,1.0
8723851751,81.7491,29.2334,8250587.28,1040,3.0,960.43951416,1.0
8723851751,81.877,29.1572,8250587.28,1040,0.0,960.43951416,1.0
8723851751,81.8142,29.2811,8250587.28,1040,3.0,960.43951416,1.0
8723851751,83.7771,28.2127,8250587.28,1040,3.0,960.439453125,1.0
8723851751,83.7154,28.278,8250587.28,1040,3.0,960.439453125,1.0
8723851751,83.6746,28.0872,8250587.28,1040,3.0,960.439453125,1.0
8723851751,83.7163,28.1491,8250587.28,1040,3.0,960.439453125,1.0
8723851751,83.6395,28.09,8250587.28,1040,3.0,960.439453125,1.0
8723851751,83.2066,27.698,8250587.28,1040,3.0,960.439453125,1.0
8723851751,82.9496,27.7099,8250587.28,1040,3.0,960.439575195,1.0
8723851751,85.5693,27.5753,8250587.28,1040,3.0,960.439331055,1.0
8723851751,85.562,26.9024,8250587.28,1040,3.0,960.439208984,1.0
8723851751,86.1054,27.0584,8250587.28,1040,3.0,960.439575195,1.0
8723851751,81.5156,29.1934,8250587.28,1040,3.0,960.43951416,1.0
8723851751,81.628,29.2667,8250587.28,1040,3.0,960.43951416,1.0
8723851751,81.642,29.081,8250587.28,1040,0.0,960.43951416,1.0
8723851751,83.5984,28.0465,8250587.28,1040,3.0,960.439453125,1.0
8723851751,85.3544,27.74579,8250587.28,1040,3.0,960.439331055,2.0
8723851751,85.5141,27.6724,8250587.28,1040,3.0,960.439331055,1.0
8723851751,85.9793,26.76,8250587.28,1040,3.0,960.439208984,1.0
8723851751,85.29102,27.89712,8250587.28,1040,3.0,960.439331055,1.0
8723851751,85.10237,27.94308,8250587.28,1040,3.0,960.439331055,1.0
8723851751,85.17473,28.00539,8250587.28,1040,3.0,960.439575195,1.0
8723851751,85.22286,28.04466,8250587.28,1040,3.0,960.439575195,1.0
8723851751,85.60558,27.84112,8250587.28,1040,3.0,960.439331055,1.0
8723851751,85.77548,27.70019,8250587.28,1040,3.0,960.439331055,1.0
8723851751,85.9573,26.6762,8250587.28,1040,3.0,960.439208984,1.0
8723851751,86.1238,26.8464,8250587.28,1040,3.0,960.439758301,1.0
8723851751,85.9118,26.6961,8250587.28,1040,3.0,960.439208984,2.0
8723851751,85.899,26.7321,8250587.28,1040,3.0,960.439208984,2.0
8723851751,85.9337,26.8911,8250587.28,1040,3.0,960.439208984,1.0
8723851751,85.9356,26.9708,8250587.28,1040,3.0,960.439208984,1.0
8723851751,85.912,26.8864,8250587.28,1040,3.0,960.439208984,1.0
8723851751,86.0145,26.8252,8250587.28,1040,3.0,960.439758301,1.0
8723851751,86.0393,26.7076,8250587.28,1040,3.0,960.439758301,1.0
8723851751,85.9336,26.6852,8250587.28,1040,3.0,960.439208984,2.0
8723851751,85.9589,26.9394,8250587.28,1040,3.0,960.439208984,1.0
8723851751,86.0745,26.8424,8250587.28,1040,3.0,960.439758301,1.0
8723851751,85.9976,26.8666,8250587.28,1040,3.0,960.439208984,1.0
8723851751,85.9083,26.6345,8250587.28,1040,3.0,960.439208984,1.0
8723851751,85.9225,26.663,8250587.28,1040,4.0,960.439208984,1.0
8723851751,85.9825,26.6833,8250587.28,1040,3.0,960.439208984,1.0
8723851751,85.9733,26.7774,8250587.28,1040,3.0,960.439208984,1.0
8723851751,86.11776,26.82541,8250587.28,1040,3.0,960.439758301,1.0
8723851751,86.09999,27.58558,8250587.28,1040,3.0,960.439575195,1.0
8723851751,86.12413,27.5027,8250587.28,1040,3.0,960.439575195,1.0
8723851751,86.14169,27.64246,8250587.28,1040,3.0,960.439575195,1.0
8723851751,86.10729,27.70059,8250587.28,1040,3.0,960.439575195,1.0
8723851751,86.17508,27.36712,8250587.28,1040,3.0,960.439575195,1.0
8723851751,86.17272,27.27567,8250587.28,1040,3.0,960.439575195,1.0
8723851751,85.77029,27.25021,8250587.28,1040,3.0,960.439331055,1.0
8723851751,86.1087,27.0198,8250587.28,1040,3.0,960.439575195,1.0
8723851751,85.8963,27.3751,8250587.28,1040,3.0,960.439331055,1.0
8723851751,86.0252,27.0507,8250587.28,1040,3.0,960.439575195,1.0
8723851751,85.994,27.186,8250587.28,1040,3.0,960.439331055,1.0
8723851751,84.78656,27.10909,8250587.28,1040,3.0,960.43963623,1.0
8723851751,85.2493,26.8273,8250587.28,1040,3.0,671.049804688,1.0
8723851751,87.00396,27.22243,8250587.28,1040,3.0,960.439453125,1.0
8723851751,87.42804,27.13418,8250587.28,1040,3.0,960.439453125,1.0
8723851751,88.08998,26.75473,8250587.28,1040,3.0,2186.47827148,1.0
8723851751,86.1576,26.78683,8250587.28,1040,3.0,960.439758301,1.0
8723851751,80.4918,29.5138,8250587.28,1040,3.0,2746.05786133,1.0
8723851751,80.3945,29.3743,8250587.28,1040,3.0,960.43951416,1.0
8723851751,80.7384,29.5589,8250587.28,1040,3.0,960.43951416,1.0
8723851751,80.7523,29.5044,8250587.28,1040,3.0,960.43951416,1.0
8723851751,80.587,29.4844,8250587.28,1040,3.0,960.43951416,1.0
8723851751,80.4104,29.5632,8250587.28,1040,3.0,2746.05786133,1.0
8723851751,80.4657,29.5199,8250587.28,1040,3.0,2746.05786133,1.0
8723851751,80.5195,29.6144,8250587.28,1040,3.0,960.43951416,1.0
8723851751,80.8081,29.3862,8250587.28,1040,3.0,960.43951416,1.0
8723851751,80.4625,29.5609,8250587.28,1040,3.0,2746.05786133,1.0
8723851751,80.7219,29.4606,8250587.28,1040,3.0,960.43951416,1.0
8723851751,80.70923,29.58096,8250587.28,1040,3.0,960.43951416,1.0
8723851751,80.67874,29.51659,8250587.28,1040,3.0,960.43951416,1.0
8723851751,80.6743,29.28344,8250587.28,1040,3.0,960.43951416,1.0
8723851751,81.60266,28.08098,8250587.28,1040,3.0,960.440002441,2.0
8723851751,81.59256,28.12978,8250587.28,1040,3.0,960.440002441,1.0
8723851751,81.67197,28.28456,8250587.28,1040,3.0,960.440002441,1.0
8723851751,81.54284,28.09328,8250587.28,1040,3.0,960.440002441,1.0
8723851751,81.2653,28.3507,8250587.28,1040,3.0,1284.24829102,1.0
8723851751,81.5909,28.2638,8250587.28,1040,3.0,960.440002441,1.0
8723851751,81.1089,28.3926,8250587.28,1040,4.0,1284.24829102,1.0
8723851751,81.1409,28.4734,8250587.28,1040,3.0,1284.24829102,2.0
8723851751,81.4745,28.2648,8250587.28,1040,3.0,1284.24829102,1.0
8723851751,81.4221,28.2896,8250587.28,1040,3.0,1284.24829102,1.0
8723851751,81.4915,28.1069,8250587.28,1040,4.0,1284.24829102,1.0
8723851751,81.4333,28.196,8250587.28,1040,3.0,1284.24829102,1.0
8723851751,81.4008,28.3376,8250587.28,1040,3.0,1284.24829102,1.0
8723851751,81.3897,28.1987,8250587.28,1040,3.0,1284.24829102,1.0
8723851751,81.4774,28.1846,8250587.28,1040,3.0,1284.24829102,1.0
8723851751,81.5181,28.248,8250587.28,1040,3.0,960.440002441,1.0
8723851751,81.3145,28.4639,8250587.28,1040,3.0,1284.24829102,1.0
8723851751,81.0983,28.4298,8250587.28,1040,3.0,1284.24829102,1.0
8723851751,81.2769,28.2995,8250587.28,1040,3.0,1284.24829102,1.0
8723851751,81.301,28.4921,8250587.28,1040,3.0,1284.24829102,1.0
8723851751,81.62961,28.74659,8250587.28,1040,3.0,960.440002441,1.0
8723851751,81.5123,28.1815,8250587.28,1040,3.0,960.440002441,1.0
8723851751,81.2338,28.3984,8250587.28,1040,3.0,1284.24829102,1.0
8723851751,81.2663,28.2689,8250587.28,1040,3.0,1284.24829102,1.0
8723851751,81.2649,28.4515,8250587.28,1040,3.0,1284.24829102,1.0
8723851751,81.7002,28.94467,8250587.28,1040,3.0,960.440002441,1.0
8723851751,81.61392,28.7212,8250587.28,1040,3.0,960.440002441,1.0
8723851751,81.41251,28.87604,8250587.28,1040,3.0,960.440002441,1.0
8723851751,81.86491,28.61497,8250587.28,1040,0.0,960.440002441,1.0
8723851751,82.05513,29.2459,8250587.28,1040,3.0,960.43963623,1.0
8723851751,82.91093,28.06705,8250587.28,1040,3.0,960.439453125,1.0
8723851751,82.62559,28.29944,8250587.28,1040,3.0,960.439453125,1.0
8723851751,82.28581,28.62901,8250587.28,1040,3.0,960.439453125,1.0
8723851751,83.263,28.3935,8250587.28,1040,3.0,960.439453125,1.0
8723851751,83.3968,28.2827,8250587.28,1040,3.0,960.439453125,1.0
8723851751,83.43872,28.19818,8250587.28,1040,3.0,960.439453125,1.0
8723851751,83.42333,28.23857,8250587.28,1040,3.0,960.439453125,1.0
8723851751,83.6457,28.22426,8250587.28,1040,3.0,960.439453125,1.0
8723851751,83.58596,28.10877,8250587.28,1040,3.0,960.439453125,1.0
8723851751,83.46507,28.39256,8250587.28,1040,3.0,960.439453125,1.0
8723851751,83.34596,28.44911,8250587.28,1040,3.0,960.439453125,1.0
8723851751,83.4912,28.45316,8250587.28,1040,3.0,960.439453125,1.0
8723851751,83.63924,28.38274,8250587.28,1040,3.0,960.439453125,1.0
8723851751,83.7129,28.3463,8250587.28,1040,2.0,960.439453125,1.0
8723851751,83.5866,28.0671,8250587.28,1040,3.0,960.439453125,1.0
8723851751,83.5766,28.043,8250587.28,1040,0.0,960.439453125,1.0
8723851751,82.75782,27.54435,8250587.28,1040,3.0,960.439575195,1.0
8723851751,83.04558,27.6512,8250587.28,1040,3.0,960.439453125,1.0
8723851751,83.00639,27.60827,8250587.28,1040,3.0,960.439453125,1.0
8723851751,83.61371,27.55014,8250587.28,1040,3.0,960.439453125,1.0
8723851751,84.05416,27.68874,8250587.28,1040,3.0,960.43963623,1.0
8723851751,83.77814,27.47425,8250587.28,1040,3.0,1254.75524902,1.0
8723851751,85.25628,28.11522,8250587.28,1040,3.0,960.439575195,1.0
8723851751,86.0601,26.7078,8250587.28,1040,3.0,960.439758301,1.0
8723851751,80.5141,29.5904,8250587.28,1040,3.0,960.43951416,1.0
8723851751,81.6733,28.69823,8250587.28,1040,3.0,960.440002441,1.0
8723851751,81.83688,28.8154,8250587.28,1040,3.0,960.440002441,1.0
8723851751,83.65588,28.02794,8250587.28,1040,3.0,960.439453125,1.0
8723851751,86.0041,26.72342,8250587.28,1040,3.0,960.439758301,1.0
8723851751,85.13562,28.0051,8250587.28,1040,3.0,960.439575195,1.0
8723851751,85.92093,26.91456,8250587.28,1040,3.0,960.439208984,1.0
8723851751,85.24388,27.98768,8250587.28,1040,3.0,960.439331055,1.0
8723851751,85.18521,28.06538,8250587.28,1040,3.0,960.439575195,1.0
8723851751,85.28247,27.98979,8250587.28,1040,3.0,960.439331055,1.0
8723851751,85.39284,28.2524,8250587.28,1040,4.0,960.439575195,1.0
8723851751,86.20238,27.8037,8250587.28,1040,3.0,960.439575195,1.0
8723851751,85.90257,26.76026,8250587.28,1040,3.0,960.439208984,2.0
8723851751,85.95864,26.70021,8250587.28,1040,3.0,960.439208984,2.0
8723851751,85.98154,26.74373,8250587.28,1040,3.0,960.439208984,2.0
8723851751,85.96724,26.90846,8250587.28,1040,3.0,960.439208984,1.0
8723851751,86.005,26.92299,8250587.28,1040,3.0,960.439758301,1.0
8723851751,85.95944,26.84668,8250587.28,1040,3.0,960.439208984,1.0
8723851751,85.99379,26.79822,8250587.28,1040,3.0,960.439208984,1.0
8723851751,86.05071,26.89011,8250587.28,1040,3.0,960.439758301,1.0
8723851751,86.1005,27.85332,8250587.28,1040,3.0,960.439575195,1.0
8723851751,86.12202,27.77036,8250587.28,1040,3.0,960.439575195,1.0
8723851751,85.93448,27.64418,8250587.28,1040,3.0,960.439331055,1.0
8723851751,86.12946,27.82304,8250587.28,1040,3.0,960.439575195,1.0
8723851751,86.12272,27.60429,8250587.28,1040,3.0,960.439575195,1.0
8723851751,86.15973,27.56028,8250587.28,1040,3.0,960.439575195,1.0
8723851751,86.10213,27.54658,8250587.28,1040,3.0,960.439575195,1.0
8723851751,86.21867,27.62841,8250587.28,1040,3.0,960.439575195,1.0
8723851751,86.07002,27.79174,8250587.28,1040,3.0,960.439575195,1.0
8723851751,86.09654,27.8085,8250587.28,1040,3.0,960.439575195,1.0
8723851751,86.10564,27.64299,8250587.28,1040,3.0,960.439575195,1.0
8723851751,86.19841,27.88197,8250587.28,1040,3.0,960.439575195,1.0
8723851751,86.09881,27.74062,8250587.28,1040,3.0,960.439575195,1.0
8723851751,86.15028,27.62046,8250587.28,1040,3.0,960.439575195,1.0
8723851751,86.0206,27.58287,8250587.28,1040,3.0,960.439575195,1.0
8723851751,85.86011,27.56324,8250587.28,1040,3.0,960.439331055,1.0
8723851751,86.24574,26.97718,8250587.28,1040,3.0,960.439758301,1.0
8723851751,87.27992,26.56932,8250587.28,1040,3.0,960.43927002,2.0
8723851751,86.97936,26.54199,8250587.28,1040,3.0,960.439758301,1.0
8723851751,87.26509,26.5966,8250587.28,1040,3.0,960.43927002,2.0
8723851751,88.06969,26.67252,8250587.28,1040,3.0,2186.47827148,1.0
8723851751,88.03908,26.72217,8250587.28,1040,3.0,2186.47827148,1.0
8723851751,87.97148,26.73162,8250587.28,1040,3.0,960.43927002,1.0
8723851751,86.53863,26.76299,8250587.28,1040,3.0,960.439758301,1.0
8723851751,86.84453,26.50211,8250587.28,1040,3.0,960.439758301,2.0
8723851751,80.42588,29.51361,8250587.28,1040,3.0,2746.05786133,1.0
8723851751,86.40218,27.13667,8250587.28,1040,3.0,960.439575195,1.0
8723851751,86.88748,26.75129,8250587.28,1040,3.0,960.439758301,1.0
8723851751,80.41301,29.4368,8250587.28,1040,3.0,960.43951416,1.0
8723851751,80.42942,29.41302,8250587.28,1040,3.0,960.43951416,1.0
8723851751,80.47486,29.60128,8250587.28,1040,3.0,2746.05786133,1.0
8723851751,80.27633,29.42852,8250587.28,1040,4.0,960.43951416,1.0
8723851751,80.55102,29.46297,8250587.28,1040,3.0,960.43951416,1.0
8723851751,80.59325,29.52742,8250587.28,1040,3.0,960.43951416,1.0
8723851751,80.37656,29.42572,8250587.28,1040,3.0,960.43951416,1.0
8723851751,80.82388,29.46087,8250587.28,1040,3.0,960.43951416,1.0
8723851751,80.52262,29.56806,8250587.28,1040,3.0,960.43951416,1.0
8723851751,80.83057,29.41329,8250587.28,1040,3.0,960.43951416,1.0
8723851751,80.45826,29.35393,8250587.28,1040,3.0,960.43951416,1.0
8723851751,80.60627,29.30534,8250587.28,1040,3.0,960.43951416,1.0
8723851751,80.65376,29.22998,8250587.28,1040,0.0,960.43951416,1.0
8723851751,80.73047,29.36747,8250587.28,1040,3.0,960.43951416,1.0
8723851751,80.3992,29.32897,8250587.28,1040,3.0,960.43951416,1.0
8723851751,80.5307,29.19143,8250587.28,1040,0.0,960.43951416,1.0
8723851751,80.33022,29.08901,8250587.28,1040,3.0,960.43951416,1.0
8723851751,80.36256,29.17601,8250587.28,1040,0.0,960.43951416,1.0
8723851751,81.74889,28.92869,8250587.28,1040,3.0,960.440002441,1.0
8723851751,81.02114,28.55846,8250587.28,1040,3.0,960.440002441,1.0
8723851751,81.61147,28.19059,8250587.28,1040,3.0,960.440002441,1.0
8723851751,81.62973,28.11053,8250587.28,1040,3.0,960.440002441,1.0
8723851751,81.62799,28.02794,8250587.28,1040,3.0,960.440002441,2.0
8723851751,81.84193,28.0422,8250587.28,1040,3.0,960.440002441,1.0
8723851751,82.10427,28.0061,8250587.28,1040,3.0,960.439453125,1.0
8723851751,81.66802,28.1059,8250587.28,1040,3.0,960.440002441,1.0
8723851751,81.66904,28.05856,8250587.28,1040,3.0,960.440002441,2.0
8723851751,81.66857,28.19916,8250587.28,1040,3.0,960.440002441,1.0
8723851751,81.65227,28.16038,8250587.28,1040,3.0,960.440002441,1.0
8723851751,81.82222,28.76252,8250587.28,1040,0.0,960.440002441,1.0
8723851751,81.54292,28.99053,8250587.28,1040,3.0,960.440002441,1.0
8723851751,81.62441,28.78959,8250587.28,1040,3.0,960.440002441,1.0
8723851751,81.56342,28.86397,8250587.28,1040,3.0,960.440002441,1.0
8723851751,81.50757,28.98968,8250587.28,1040,3.0,960.440002441,1.0
8723851751,81.95954,28.41378,8250587.28,1040,3.0,960.440002441,1.0
8723851751,82.88129,27.9491,8250587.28,1040,3.0,960.439575195,1.0
8723851751,82.78541,28.07696,8250587.28,1040,3.0,960.439453125,1.0
8723851751,82.17374,28.37162,8250587.28,1040,3.0,960.439453125,1.0
8723851751,83.53056,28.13533,8250587.28,1040,0.0,960.439453125,1.0
8723851751,83.51146,28.23296,8250587.28,1040,3.0,960.439453125,1.0
8723851751,83.45201,28.27127,8250587.28,1040,3.0,960.439453125,1.0
8723851751,83.13388,28.30266,8250587.28,1040,3.0,960.439453125,1.0
8723851751,83.58063,28.24543,8250587.28,1040,3.0,960.439453125,1.0
8723851751,83.50514,28.25654,8250587.28,1040,3.0,960.439453125,1.0
8723851751,83.13959,28.2732,8250587.28,1040,3.0,960.439453125,1.0
8723851751,83.10551,28.33527,8250587.28,1040,3.0,960.439453125,1.0
8723851751,83.62167,28.19012,8250587.28,1040,3.0,960.439453125,1.0
8723851751,83.27486,28.30349,8250587.28,1040,3.0,960.439453125,1.0
8723851751,82.86288,27.62369,8250587.28,1040,3.0,960.439575195,1.0
8723851751,83.17208,27.65829,8250587.28,1040,3.0,960.439453125,1.0
8723851751,83.02502,27.50704,8250587.28,1040,3.0,960.439453125,1.0
8723851751,83.15961,27.62426,8250587.28,1040,3.0,960.439453125,1.0
8723851751,83.1816,27.57737,8250587.28,1040,3.0,960.439453125,1.0
8723851751,82.84932,27.67544,8250587.28,1040,3.0,960.439575195,1.0
8723851751,82.99618,27.50163,8250587.28,1040,3.0,960.439575195,1.0
8723851751,83.08118,27.58557,8250587.28,1040,3.0,960.439453125,1.0
8723851751,84.12263,27.79956,8250587.28,1040,3.0,960.43963623,1.0
8723851751,81.64516,28.08277,8250587.28,1040,3.0,960.440002441,2.0
8723851751,83.55457,28.25127,8250587.28,1040,3.0,960.439453125,1.0
8723851751,85.15783,27.83136,8250587.28,1040,3.0,960.439331055,1.0
8723851751,85.10087,27.99367,8250587.28,1040,3.0,960.439331055,1.0
8723851751,85.1172,27.89923,8250587.28,1040,3.0,960.439331055,1.0
8723851751,85.22801,27.86183,8250587.28,1040,3.0,960.439331055,1.0
8723851751,85.25733,27.90077,8250587.28,1040,3.0,960.439331055,1.0
8723851751,85.25553,27.92051,8250587.28,1040,3.0,960.439331055,1.0
8723851751,85.08994,27.88268,8250587.28,1040,3.0,960.439331055,1.0
8723851751,85.33659,27.9421,8250587.28,1040,3.0,960.439331055,1.0
8723851751,85.41363,27.92352,8250587.28,1040,3.0,960.439331055,1.0
8723851751,85.08974,28.0367,8250587.28,1040,3.0,960.439575195,1.0
8723851751,85.04441,27.95421,8250587.28,1040,3.0,960.439331055,1.0
8723851751,85.1539,27.96567,8250587.28,1040,3.0,960.439331055,2.0
8723851751,85.29516,28.20766,8250587.28,1040,3.0,960.439575195,1.0
8723851751,85.29114,28.09111,8250587.28,1040,3.0,960.439575195,1.0
8723851751,85.51986,28.20692,8250587.28,1040,0.0,2425.85791016,1.0
8723851751,85.3578,28.12952,8250587.28,1040,3.0,960.439575195,1.0
8723851751,85.17412,28.02958,8250587.28,1040,3.0,960.439575195,1.0
8723851751,85.66042,27.74403,8250587.28,1040,3.0,960.439331055,1.0
8723851751,85.79648,27.79408,8250587.28,1040,3.0,960.439331055,1.0
8723851751,85.90248,27.82553,8250587.28,1040,3.0,960.439331055,1.0
8723851751,85.54435,27.99355,8250587.28,1040,3.0,960.439331055,1.0
8723851751,85.52436,27.92402,8250587.28,1040,3.0,960.439331055,1.0
8723851751,85.74504,27.74884,8250587.28,1040,3.0,960.439331055,1.0
8723851751,85.78307,27.82148,8250587.28,1040,3.0,960.439331055,1.0
8723851751,85.56407,27.83001,8250587.28,1040,3.0,960.439331055,1.0
8723851751,85.84449,27.74616,8250587.28,1040,3.0,960.439331055,1.0
8723851751,85.70214,27.7562,8250587.28,1040,3.0,960.439331055,1.0
8723851751,85.81854,26.88782,8250587.28,1040,3.0,960.439208984,1.0
8723851751,85.79658,26.75048,8250587.28,1040,3.0,960.439208984,1.0
8723851751,85.82033,26.66831,8250587.28,1040,3.0,960.439208984,2.0
8723851751,85.8028,26.91732,8250587.28,1040,3.0,960.439208984,1.0
8723851751,85.85333,26.79701,8250587.28,1040,3.0,960.439208984,1.0
8723851751,85.84724,26.61389,8250587.28,1040,3.0,960.439208984,1.0
8723851751,85.83116,26.65327,8250587.28,1040,4.0,960.439208984,2.0
8723851751,85.73653,26.8121,8250587.28,1040,4.0,960.439208984,1.0
8723851751,86.17376,27.52642,8250587.28,1040,3.0,960.439575195,1.0
8723851751,86.02242,27.40596,8250587.28,1040,3.0,960.439575195,1.0
8723851751,85.93962,27.41981,8250587.28,1040,3.0,960.439331055,1.0
8723851751,86.04793,27.45218,8250587.28,1040,3.0,960.439575195,1.0
8723851751,85.9889,27.51194,8250587.28,1040,3.0,960.439331055,1.0
8723851751,85.93708,27.51839,8250587.28,1040,3.0,960.439331055,1.0
8723851751,85.86397,27.50113,8250587.28,1040,3.0,960.439331055,1.0
8723851751,86.1118,27.39401,8250587.28,1040,3.0,960.439575195,1.0
8723851751,85.85884,27.46501,8250587.28,1040,3.0,960.439331055,1.0
8723851751,86.3382,27.53459,8250587.28,1040,3.0,960.439575195,1.0
8723851751,85.91531,27.44669,8250587.28,1040,3.0,960.439331055,1.0
8723851751,86.14968,27.3169,8250587.28,1040,3.0,960.439575195,1.0
8723851751,85.97914,27.4079,8250587.28,1040,3.0,960.439331055,1.0
8723851751,86.06542,27.48568,8250587.28,1040,3.0,960.439575195,1.0
8723851751,86.30146,27.52511,8250587.28,1040,3.0,960.439575195,1.0
8723851751,86.06458,27.3303,8250587.28,1040,3.0,960.439575195,1.0
8723851751,86.23352,27.43056,8250587.28,1040,3.0,960.439575195,1.0
8723851751,86.10091,27.35737,8250587.28,1040,3.0,960.439575195,1.0
8723851751,86.11206,27.42881,8250587.28,1040,3.0,960.439575195,1.0
8723851751,86.07096,27.26642,8250587.28,1040,3.0,960.439575195,1.0
8723851751,86.19668,27.03003,8250587.28,1040,3.0,960.439575195,1.0
8723851751,86.06866,27.21958,8250587.28,1040,0.0,960.439575195,1.0
8723851751,86.81899,26.51399,8250587.28,1040,3.0,960.439758301,2.0
8723851751,86.6689,26.6481,8250587.28,1040,3.0,960.439758301,1.0
8723851751,86.73652,26.5044,8250587.28,1040,3.0,960.439758301,2.0
8723851751,86.60107,26.64481,8250587.28,1040,3.0,960.439758301,1.0
8723851751,86.61746,26.5402,8250587.28,1040,3.0,960.439758301,1.0
8723851751,86.57161,26.66011,8250587.28,1040,3.0,960.439758301,1.0
8723851751,86.69966,26.51136,8250587.28,1040,3.0,960.439758301,1.0
8723851751,80.29509,29.38897,8250587.28,1040,3.0,960.43951416,1.0
8723851751,82.69428,28.15293,8250587.28,1040,3.0,960.439453125,1.0
8723851751,82.82919,28.12142,8250587.28,1040,3.0,960.439453125,1.0
8723851751,82.85918,28.1195,8250587.28,1040,3.0,960.439453125,1.0
8723851751,82.80886,27.95816,8250587.28,1040,3.0,960.439575195,1.0
8723851751,82.84112,28.06867,8250587.28,1040,3.0,960.439453125,1.0
8723851751,82.90812,28.18324,8250587.28,1040,3.0,960.439453125,1.0
8723851751,82.91242,28.11092,8250587.28,1040,3.0,960.439453125,1.0
8723851751,82.72711,28.01889,8250587.28,1040,3.0,960.439453125,1.0
8723851751,82.98011,28.14183,8250587.28,1040,3.0,960.439453125,1.0
8723851751,83.02151,28.27061,8250587.28,1040,3.0,960.439453125,1.0
8723851751,82.81241,28.04602,8250587.28,1040,3.0,960.439453125,1.0
8723851751,82.7103,28.18546,8250587.28,1040,3.0,960.439453125,1.0
8723851751,82.63239,28.14298,8250587.28,1040,3.0,960.439453125,1.0
8723851751,82.95262,28.31447,8250587.28,1040,3.0,960.439453125,1.0
8723851751,82.67081,28.35352,8250587.28,1040,3.0,960.439453125,1.0
8723851751,82.49777,28.31951,8250587.28,1040,3.0,960.439453125,1.0
8723851751,82.48744,28.37019,8250587.28,1040,0.0,960.439453125,1.0
8723851751,82.6492,28.2047,8250587.28,1040,3.0,960.439453125,1.0
8723851751,82.55268,28.28167,8250587.28,1040,3.0,960.439453125,1.0
8723851751,82.67857,28.27216,8250587.28,1040,3.0,960.439453125,1.0
8723851751,82.67293,28.2235,8250587.28,1040,3.0,960.439453125,1.0
8723851751,82.59943,28.46636,8250587.28,1040,3.0,960.439453125,1.0
8723851751,83.55781,28.32434,8250587.28,1040,3.0,960.439453125,1.0
8723851751,82.80073,28.44792,8250587.28,1040,3.0,960.439453125,1.0
8723851751,82.42596,28.5463,8250587.28,1040,0.0,960.439453125,1.0
8723851751,82.21872,28.63676,8250587.28,1040,3.0,960.439453125,1.0
8723851751,82.33926,28.68246,8250587.28,1040,3.0,960.439453125,1.0
8723851751,82.86115,28.65837,8250587.28,1040,3.0,960.439453125,1.0
8723851751,82.5981,28.64614,8250587.28,1040,3.0,960.439453125,1.0
8723851751,82.88954,28.69779,8250587.28,1040,3.0,960.439453125,1.0
8723851751,82.33493,28.39913,8250587.28,1040,3.0,960.439453125,1.0
8723851751,82.04798,28.29408,8250587.28,1040,3.0,960.439453125,1.0
8723851751,82.17429,28.30244,8250587.28,1040,3.0,960.439453125,1.0
8723851751,82.28152,28.46868,8250587.28,1040,3.0,960.439453125,1.0
8723851751,83.65894,28.2569,8250587.28,1040,3.0,960.439453125,1.0
8723851751,83.47769,28.40462,8250587.28,1040,3.0,960.439453125,1.0
8723851751,83.75237,28.1738,8250587.28,1040,3.0,960.439453125,1.0
8723851751,83.39856,28.45093,8250587.28,1040,3.0,960.439453125,1.0
8723851751,83.68858,28.20682,8250587.28,1040,3.0,960.439453125,1.0
8723851751,83.62086,28.53747,8250587.28,1040,3.0,960.439453125,1.0
8723851751,83.41437,28.42157,8250587.28,1040,3.0,960.439453125,1.0
8723851751,83.60822,28.46839,8250587.28,1040,3.0,960.439453125,1.0
8723851751,83.21409,28.61783,8250587.28,1040,0.0,960.439453125,1.0
8723851751,83.63257,28.4224,8250587.28,1040,3.0,960.439453125,1.0
8723851751,83.25374,28.52429,8250587.28,1040,3.0,960.439453125,1.0
8723851751,83.53192,28.36418,8250587.28,1040,3.0,960.439453125,1.0
8723851751,83.58672,28.40644,8250587.28,1040,3.0,960.439453125,1.0
8723851751,83.56899,28.39876,8250587.28,1040,3.0,960.439453125,1.0
8723851751,83.6862,28.46933,8250587.28,1040,3.0,960.439453125,1.0
8723851751,83.74822,28.19678,8250587.28,1040,3.0,960.439453125,1.0
8723851751,83.70422,28.22999,8250587.28,1040,3.0,960.439453125,1.0
8723851751,83.61516,28.31697,8250587.28,1040,3.0,960.439453125,1.0
8723851751,83.69628,28.2535,8250587.28,1040,3.0,960.439453125,1.0
8723851751,83.6648,28.17149,8250587.28,1040,3.0,960.439453125,1.0
8723851751,83.67932,28.30651,8250587.28,1040,3.0,960.439453125,1.0
8723851751,83.61006,28.35451,8250587.28,1040,3.0,960.439453125,1.0
8723851751,83.66744,28.1901,8250587.28,1040,3.0,960.439453125,1.0
8723851751,83.75409,28.23443,8250587.28,1040,3.0,960.439453125,1.0
8723851751,83.63494,28.33919,8250587.28,1040,3.0,960.439453125,1.0
8723851751,83.69707,28.17851,8250587.28,1040,3.0,960.439453125,1.0
8723851751,83.68278,28.22273,8250587.28,1040,3.0,960.439453125,1.0
8723851751,83.72408,28.17079,8250587.28,1040,3.0,960.439453125,1.0
8723851751,83.73941,28.25947,8250587.28,1040,3.0,960.439453125,1.0
8723851751,83.63009,27.56012,8250587.28,1040,3.0,960.439453125,1.0
8723851751,83.8173,27.50734,8250587.28,1040,3.0,960.439453125,1.0
8723851751,84.21202,27.68548,8250587.28,1040,3.0,960.43963623,1.0
8723851751,83.61629,27.50884,8250587.28,1040,3.0,960.439453125,1.0
8723851751,83.85982,27.45297,8250587.28,1040,3.0,1254.75524902,1.0
8723851751,84.08141,27.58896,8250587.28,1040,3.0,960.43963623,1.0
8723851751,84.09952,27.83804,8250587.28,1040,3.0,960.43963623,1.0
8723851751,84.16542,27.63929,8250587.28,1040,3.0,960.43963623,1.0
8723851751,84.23831,27.68488,8250587.28,1040,3.0,960.43963623,1.0
8723851751,83.8478,27.48009,8250587.28,1040,3.0,1254.75524902,1.0
8723851751,83.63816,27.48111,8250587.28,1040,4.0,1254.75524902,1.0
8723851751,84.1309,27.66574,8250587.28,1040,3.0,960.43963623,1.0
8723851751,83.63979,27.6163,8250587.28,1040,3.0,960.439453125,1.0
8723851751,83.90986,27.44764,8250587.28,1040,3.0,1254.75524902,1.0
8723851751,84.16674,27.7917,8250587.28,1040,3.0,960.43963623,1.0
8723851751,85.15629,28.00952,8250587.28,1040,3.0,960.439575195,1.0
8723851751,85.33123,27.97377,8250587.28,1040,3.0,960.439331055,1.0
8723851751,85.79244,27.75992,8250587.28,1040,3.0,960.439331055,1.0
8723851751,85.92474,27.85981,8250587.28,1040,3.0,960.439331055,1.0
8723851751,86.00038,27.4568,8250587.28,1040,3.0,960.439575195,1.0
8723851751,82.88336,28.08746,8250587.28,1040,3.0,960.439453125,1.0
8723851751,82.31279,28.73753,8250587.28,1040,3.0,960.439453125,1.0
8723851751,82.22857,28.50328,8250587.28,1040,3.0,960.439453125,1.0
8723851751,83.55592,28.3473,8250587.28,1040,3.0,960.439453125,1.0
8723851751,84.02958,27.57334,8250587.28,1040,3.0,960.43963623,1.0
8723851751,85.64268,27.67959,8250587.28,1040,3.0,960.439331055,1.0
8723851751,86.11646,26.6556,8250587.28,1040,4.0,960.439758301,1.0
8723851751,85.96418,26.71922,8250587.28,1040,3.0,960.439208984,2.0
8723851751,86.00931,26.79437,8250587.28,1040,3.0,960.439758301,1.0
8723851751,85.93283,26.62741,8250587.28,1040,4.0,960.439208984,1.0
8723851751,86.07411,26.73726,8250587.28,1040,3.0,960.439758301,1.0
8723851751,86.09897,26.72856,8250587.28,1040,3.0,960.439758301,1.0
8723851751,86.05984,27.53521,8250587.28,1040,3.0,960.439575195,1.0
8723851751,86.05285,27.66517,8250587.28,1040,3.0,960.439575195,1.0
8723851751,86.0703,27.83606,8250587.28,1040,3.0,960.439575195,1.0
8723851751,86.14227,27.52709,8250587.28,1040,3.0,960.439575195,1.0
8723851751,85.92159,27.61009,8250587.28,1040,3.0,960.439331055,1.0
8723851751,86.26379,27.85563,8250587.28,1040,3.0,960.439575195,1.0
8723851751,85.9923,27.62756,8250587.28,1040,3.0,960.439331055,1.0
8723851751,86.25478,27.79209,8250587.28,1040,3.0,960.439575195,1.0
8723851751,86.15971,27.77354,8250587.28,1040,3.0,960.439575195,1.0
8723851751,86.26422,27.62174,8250587.28,1040,3.0,960.439575195,1.0
8723851751,86.11086,27.5218,8250587.28,1040,3.0,960.439575195,1.0
8723851751,86.07593,27.51286,8250587.28,1040,3.0,960.439575195,1.0
8723851751,86.07367,27.71434,8250587.28,1040,3.0,960.439575195,1.0
8723851751,86.30619,27.65894,8250587.28,1040,3.0,960.439575195,1.0
8723851751,86.1823,27.59119,8250587.28,1040,3.0,960.439575195,1.0
8723851751,86.05664,27.41486,8250587.28,1040,3.0,960.439575195,1.0
8723851751,86.25618,27.5162,8250587.28,1040,3.0,960.439575195,1.0
8723851751,87.57347,27.14959,8250587.28,1040,3.0,960.439453125,1.0
8723851751,87.1447,26.57037,8250587.28,1040,3.0,960.43927002,1.0
8723851751,87.17283,26.82889,8250587.28,1040,3.0,960.43927002,1.0
8723851751,87.19639,26.52999,8250587.28,1040,3.0,960.43927002,1.0
8723851751,87.44512,27.04224,8250587.28,1040,3.0,960.439453125,1.0
8723851751,87.13449,26.48052,8250587.28,1040,3.0,730.61932373,1.0
8723851751,87.13082,26.73876,8250587.28,1040,3.0,960.43927002,1.0
8723851751,87.10624,26.57461,8250587.28,1040,3.0,960.43927002,1.0
8723851751,87.04406,26.61744,8250587.28,1040,3.0,960.43927002,1.0
8723851751,87.11532,26.5275,8250587.28,1040,3.0,960.43927002,1.0
8723851751,87.1724,26.6901,8250587.28,1040,3.0,960.43927002,1.0
8723851751,87.51226,27.18403,8250587.28,1040,2.0,960.439453125,1.0
8723851751,87.69151,27.18152,8250587.28,1040,3.0,960.439453125,1.0
8723851751,87.51346,27.21509,8250587.28,1040,2.0,960.439453125,1.0
8723851751,87.51806,27.13927,8250587.28,1040,3.0,960.439453125,1.0
8723851751,87.5344,27.15314,8250587.28,1040,3.0,960.439453125,1.0
8723851751,87.6091,27.1506,8250587.28,1040,3.0,960.439453125,1.0
8723851751,87.56239,27.1198,8250587.28,1040,3.0,960.439453125,1.0
8723851751,87.65434,27.1735,8250587.28,1040,3.0,960.439453125,1.0
8723851751,86.9267,26.63251,8250587.28,1040,0.0,960.439758301,1.0
8723851751,86.46393,26.69928,8250587.28,1040,3.0,960.439758301,2.0
8723851751,86.18352,26.82981,8250587.28,1040,3.0,960.439758301,1.0
8723851751,86.16786,26.83272,8250587.28,1040,3.0,960.439758301,1.0
8723851751,86.30366,26.65173,8250587.28,1040,3.0,960.439758301,1.0
8723851751,86.42417,26.69202,8250587.28,1040,3.0,960.439758301,1.0
8723851751,86.31834,26.68711,8250587.28,1040,3.0,960.439758301,1.0
8723851751,86.77034,26.75146,8250587.28,1040,3.0,960.439758301,1.0
8723851751,86.37624,26.96102,8250587.28,1040,3.0,960.439758301,1.0
8723851751,80.50012,29.55447,8250587.28,1040,3.0,960.43951416,1.0
8723851751,86.51516,26.94134,8250587.28,1040,3.0,960.439758301,1.0
8723851751,86.64858,26.9459,8250587.28,1040,3.0,960.439758301,1.0
8723851751,86.7593,26.86934,8250587.28,1040,3.0,960.439758301,1.0
8723851751,86.58133,26.91574,8250587.28,1040,3.0,960.439758301,1.0
8723851751,80.67468,29.59108,8250587.28,1040,3.0,960.43951416,1.0
8723851751,80.55584,29.53664,8250587.28,1040,3.0,960.43951416,1.0
8723851751,80.57884,29.4315,8250587.28,1040,3.0,960.43951416,1.0
8723851751,80.59036,29.35867,8250587.28,1040,3.0,960.43951416,1.0
8723851751,80.50296,29.0991,8250587.28,1040,0.0,960.43951416,1.0
8723851751,80.48566,29.299,8250587.28,1040,3.0,960.43951416,1.0
8723851751,80.52262,29.34827,8250587.28,1040,3.0,960.43951416,1.0
8723851751,80.64786,29.34419,8250587.28,1040,3.0,960.43951416,1.0
8723851751,80.55313,29.35246,8250587.28,1040,3.0,960.43951416,1.0
8723851751,81.66277,28.07644,8250587.28,1040,3.0,960.440002441,2.0
8723851751,81.65298,28.00812,8250587.28,1040,3.0,960.440002441,1.0
8723851751,81.57934,28.06207,8250587.28,1040,4.0,960.440002441,2.0
8723851751,81.65472,28.12717,8250587.28,1040,3.0,960.440002441,1.0
8723851751,81.70182,28.06996,8250587.28,1040,3.0,960.440002441,1.0
8723851751,81.65264,28.23756,8250587.28,1040,3.0,960.440002441,1.0
8723851751,81.70299,28.17777,8250587.28,1040,3.0,960.440002441,1.0
8723851751,81.79589,28.16961,8250587.28,1040,3.0,960.440002441,1.0
8723851751,81.53471,28.06799,8250587.28,1040,4.0,960.440002441,1.0
8723851751,81.72573,28.72255,8250587.28,1040,3.0,960.440002441,1.0
8723851751,81.68598,28.88412,8250587.28,1040,3.0,960.440002441,1.0
8723851751,81.6179,28.89724,8250587.28,1040,3.0,960.440002441,1.0
8723851751,81.7985,28.94153,8250587.28,1040,3.0,960.440002441,1.0
8723851751,81.69764,28.74406,8250587.28,1040,3.0,960.440002441,1.0
8723851751,81.60784,28.85853,8250587.28,1040,3.0,960.440002441,1.0
8723851751,81.87562,28.78229,8250587.28,1040,3.0,960.440002441,1.0
8723851751,81.72731,28.85229,8250587.28,1040,3.0,960.440002441,1.0
8723851751,81.57839,28.82576,8250587.28,1040,3.0,960.440002441,1.0
8723851751,81.46349,29.05641,8250587.28,1040,3.0,960.43951416,1.0
8723851751,81.45207,28.99817,8250587.28,1040,3.0,960.440002441,1.0
8723851751,81.78211,28.90834,8250587.28,1040,3.0,960.440002441,1.0
8723851751,81.93607,28.50796,8250587.28,1040,3.0,960.440002441,1.0
8723851751,81.72723,28.43077,8250587.28,1040,3.0,960.440002441,1.0
8723851751,81.90292,28.53564,8250587.28,1040,0.0,960.440002441,1.0
8723851751,81.63367,28.47024,8250587.28,1040,0.0,960.440002441,1.0
8723851751,81.7979,28.54713,8250587.28,1040,0.0,960.440002441,1.0
8723851751,81.69079,28.64612,8250587.28,1040,3.0,960.440002441,1.0
8723851751,81.90094,28.39758,8250587.28,1040,3.0,960.440002441,1.0
8723851751,81.4499,28.79981,8250587.28,1040,0.0,960.440002441,1.0
8723851751,81.5799,28.5829,8250587.28,1040,3.0,960.440002441,1.0
8723851751,83.60534,28.16441,8250587.28,1040,3.0,960.439453125,1.0
8723851751,82.45772,28.63008,8250587.28,1040,3.0,960.439453125,1.0
8723851751,82.32269,28.60391,8250587.28,1040,3.0,960.439453125,1.0
8723851751,83.13469,28.39837,8250587.28,1040,3.0,960.439453125,1.0
8723851751,82.97854,28.42558,8250587.28,1040,3.0,960.439453125,1.0
8723851751,83.38293,28.33194,8250587.28,1040,3.0,960.439453125,1.0
8723851751,83.60828,28.2382,8250587.28,1040,3.0,960.439453125,1.0
8723851751,83.57277,28.18994,8250587.28,1040,3.0,960.439453125,1.0
8723851751,83.49779,28.14154,8250587.28,1040,3.0,960.439453125,1.0
8723851751,83.49737,28.28072,8250587.28,1040,3.0,960.439453125,1.0
8723851751,83.34648,28.2648,8250587.28,1040,3.0,960.439453125,1.0
8723851751,83.58179,28.21452,8250587.28,1040,3.0,960.439453125,1.0
8723851751,83.33041,28.20502,8250587.28,1040,3.0,960.439453125,1.0
8723851751,83.04761,28.36182,8250587.28,1040,3.0,960.439453125,1.0
8723851751,84.39634,27.7079,8250587.28,1040,3.0,960.43963623,2.0
8723851751,85.94216,26.64237,8250587.28,1040,4.0,960.439208984,1.0
8723851751,85.98859,27.69288,8250587.28,1040,3.0,960.439331055,1.0
8723851751,87.06512,26.59716,8250587.28,1040,3.0,960.43927002,1.0
8723851751,87.42442,27.06918,8250587.28,1040,3.0,960.439453125,1.0
8723851751,87.63642,27.21389,8250587.28,1040,3.0,960.439453125,1.0
8723851751,87.484,27.1299,8250587.28,1040,3.0,960.439453125,1.0
8723851751,80.46252,29.58517,8250587.28,1040,3.0,2746.05786133,1.0
8723851751,80.69979,29.32793,8250587.28,1040,3.0,960.43951416,1.0
8723851751,81.60317,28.10722,8250587.28,1040,3.0,960.440002441,2.0
8723851751,81.6014,28.05102,8250587.28,1040,3.0,960.440002441,2.0
8723851751,81.80866,28.48889,8250587.28,1040,3.0,960.440002441,1.0
8723851751,83.65709,28.1346,8250587.28,1040,3.0,960.439453125,1.0
8723851751,85.31769,28.17047,8250587.28,1040,3.0,960.439575195,1.0
8723851751,85.23521,27.95129,8250587.28,1040,3.0,960.439331055,1.0
8723851751,85.12156,28.03094,8250587.28,1040,3.0,960.439575195,1.0
8723851751,85.20147,27.78427,8250587.28,1040,3.0,960.439331055,1.0
8723851751,85.19261,27.95179,8250587.28,1040,3.0,960.439331055,2.0
8723851751,85.06473,27.90049,8250587.28,1040,3.0,960.439331055,1.0
8723851751,85.11617,27.84223,8250587.28,1040,3.0,960.439331055,1.0
8723851751,85.25691,27.81948,8250587.28,1040,3.0,960.439331055,1.0
8723851751,85.31346,27.93021,8250587.28,1040,3.0,960.439331055,1.0
8723851751,85.14128,27.78696,8250587.28,1040,3.0,960.439331055,1.0
8723851751,85.18972,27.85701,8250587.28,1040,3.0,960.439331055,1.0
8723851751,85.28749,27.93394,8250587.28,1040,3.0,960.439331055,1.0
8723851751,85.25337,27.79251,8250587.28,1040,3.0,960.439331055,1.0
8723851751,85.05916,27.84527,8250587.28,1040,3.0,960.439331055,1.0
8723851751,85.36166,27.93222,8250587.28,1040,3.0,960.439331055,1.0
8723851751,85.20356,27.88967,8250587.28,1040,3.0,960.439331055,1.0
8723851751,85.00922,27.87083,8250587.28,1040,3.0,960.439331055,1.0
8723851751,85.25697,27.86869,8250587.28,1040,3.0,960.439331055,1.0
8723851751,85.37507,28.18921,8250587.28,1040,3.0,960.439575195,1.0
8723851751,85.26809,28.16426,8250587.28,1040,3.0,960.439575195,1.0
8723851751,85.19906,28.00114,8250587.28,1040,3.0,960.439575195,1.0
8723851751,85.30384,28.03559,8250587.28,1040,3.0,960.439575195,1.0
8723851751,85.74493,27.81126,8250587.28,1040,3.0,960.439331055,1.0
8723851751,85.8788,27.7797,8250587.28,1040,3.0,960.439331055,1.0
8723851751,85.89224,26.98394,8250587.28,1040,3.0,960.439208984,1.0
8723851751,85.86039,26.64234,8250587.28,1040,3.0,960.439208984,1.0
8723851751,85.82828,26.69252,8250587.28,1040,3.0,960.439208984,1.0
8723851751,85.85721,26.68766,8250587.28,1040,3.0,960.439208984,1.0
8723851751,85.80522,26.81273,8250587.28,1040,3.0,960.439208984,1.0
8723851751,85.83601,26.6395,8250587.28,1040,3.0,960.439208984,1.0
8723851751,86.2722,27.47951,8250587.28,1040,3.0,960.439575195,1.0
8723851751,86.08582,27.45204,8250587.28,1040,3.0,960.439575195,1.0
8723851751,85.93873,27.48004,8250587.28,1040,3.0,960.439331055,1.0
8723851751,86.1404,27.45353,8250587.28,1040,3.0,960.439575195,1.0
8723851751,85.95602,27.45042,8250587.28,1040,3.0,960.439331055,1.0
8723851751,86.06959,27.38788,8250587.28,1040,3.0,960.439575195,1.0
8723851751,86.17962,27.49638,8250587.28,1040,3.0,960.439575195,1.0
8723851751,85.86959,27.43879,8250587.28,1040,3.0,960.439331055,1.0
8723851751,86.21493,27.55912,8250587.28,1040,3.0,960.439575195,1.0
8723851751,86.11086,27.31167,8250587.28,1040,3.0,960.439575195,1.0
8723851751,85.18498,26.88382,8250587.28,1040,3.0,671.049804688,1.0
8723851751,87.96509,26.62569,8250587.28,1040,3.0,960.43927002,1.0
8723851751,88.01428,26.59707,8250587.28,1040,3.0,2186.47827148,1.0
8723851751,81.4027,28.80159,8250587.28,1040,3.0,960.440002441,1.0
8723851751,81.58737,29.10153,8250587.28,1040,3.0,960.43951416,1.0
8723851751,83.06366,28.26801,8250587.28,1040,3.0,960.439453125,1.0
8723851751,82.93692,27.98402,8250587.28,1040,3.0,960.439575195,1.0
8723851751,82.74423,28.15692,8250587.28,1040,3.0,960.439453125,1.0
8723851751,82.9619,28.07622,8250587.28,1040,3.0,960.439453125,1.0
8723851751,82.89044,28.14414,8250587.28,1040,3.0,960.439453125,1.0
8723851751,82.74092,28.31917,8250587.28,1040,3.0,960.439453125,1.0
8723851751,82.86127,28.19029,8250587.28,1040,3.0,960.439453125,1.0
8723851751,82.77619,28.00599,8250587.28,1040,3.0,960.439453125,1.0
8723851751,82.41516,28.28881,8250587.28,1040,3.0,960.439453125,1.0
8723851751,82.50867,28.48252,8250587.28,1040,3.0,960.439453125,1.0
8723851751,82.88766,28.36966,8250587.28,1040,3.0,960.439453125,1.0
8723851751,82.77289,28.33454,8250587.28,1040,3.0,960.439453125,1.0
8723851751,82.54584,28.402,8250587.28,1040,3.0,960.439453125,1.0
8723851751,82.58947,28.24279,8250587.28,1040,3.0,960.439453125,1.0
8723851751,82.45904,28.21039,8250587.28,1040,3.0,960.439453125,1.0
8723851751,82.56948,28.33238,8250587.28,1040,3.0,960.439453125,1.0
8723851751,82.83187,28.40146,8250587.28,1040,3.0,960.439453125,1.0
8723851751,82.3615,28.75909,8250587.28,1040,3.0,960.439453125,1.0
8723851751,82.45841,28.59314,8250587.28,1040,3.0,960.439453125,1.0
8723851751,82.41109,28.62361,8250587.28,1040,3.0,960.439453125,1.0
8723851751,82.50816,28.57772,8250587.28,1040,3.0,960.439453125,1.0
8723851751,82.73423,28.69207,8250587.28,1040,3.0,960.439453125,1.0
8723851751,82.5478,28.66864,8250587.28,1040,3.0,960.439453125,1.0
8723851751,82.65442,28.68841,8250587.28,1040,3.0,960.439453125,1.0
8723851751,82.72128,28.62596,8250587.28,1040,3.0,960.439453125,1.0
8723851751,82.46609,28.55909,8250587.28,1040,0.0,960.439453125,1.0
8723851751,82.52244,28.60625,8250587.28,1040,3.0,960.439453125,1.0
8723851751,82.34499,28.6511,8250587.28,1040,3.0,960.439453125,1.0
8723851751,82.84444,28.58194,8250587.28,1040,3.0,960.439453125,1.0
8723851751,83.68002,28.06366,8250587.28,1040,3.0,960.439453125,1.0
8723851751,83.67799,28.04251,8250587.28,1040,3.0,960.439453125,1.0
8723851751,83.42486,28.37719,8250587.28,1040,3.0,960.439453125,1.0
8723851751,83.51572,28.33247,8250587.28,1040,3.0,960.439453125,1.0
8723851751,83.54116,28.48918,8250587.28,1040,3.0,960.439453125,1.0
8723851751,83.49265,28.54006,8250587.28,1040,3.0,960.439453125,1.0
8723851751,83.36005,28.55902,8250587.28,1040,3.0,960.439453125,1.0
8723851751,83.70201,28.53652,8250587.28,1040,3.0,960.439453125,1.0
8723851751,83.3227,28.4278,8250587.28,1040,3.0,960.439453125,1.0
8723851751,83.51552,28.35942,8250587.28,1040,3.0,960.439453125,1.0
8723851751,83.35927,28.47194,8250587.28,1040,3.0,960.439453125,1.0
8723851751,83.74536,28.28766,8250587.28,1040,3.0,960.439453125,1.0
8723851751,83.69732,28.12251,8250587.28,1040,3.0,960.439453125,1.0
8723851751,83.6677,28.15351,8250587.28,1040,3.0,960.439453125,1.0
8723851751,83.67726,28.10759,8250587.28,1040,3.0,960.439453125,1.0
8723851751,83.5829,28.3503,8250587.28,1040,3.0,960.439453125,1.0
8723851751,83.73167,28.22861,8250587.28,1040,3.0,960.439453125,1.0
8723851751,83.63612,28.11562,8250587.28,1040,3.0,960.439453125,1.0
8723851751,83.01976,27.57859,8250587.28,1040,3.0,960.439453125,1.0
8723851751,82.77704,27.64906,8250587.28,1040,3.0,960.439575195,1.0
8723851751,83.05004,27.54403,8250587.28,1040,3.0,960.439453125,2.0
8723851751,82.79209,27.50488,8250587.28,1040,3.0,960.439575195,1.0
8723851751,83.20489,27.54069,8250587.28,1040,3.0,960.439453125,1.0
8723851751,83.15311,27.53396,8250587.28,1040,3.0,960.439453125,1.0
8723851751,83.20313,27.60897,8250587.28,1040,3.0,960.439453125,1.0
8723851751,82.80194,27.69038,8250587.28,1040,3.0,960.439575195,1.0
8723851751,84.10283,27.59881,8250587.28,1040,3.0,960.43963623,1.0
8723851751,84.13579,27.83812,8250587.28,1040,3.0,960.43963623,1.0
8723851751,83.70549,27.49968,8250587.28,1040,3.0,1254.75524902,1.0
8723851751,83.8731,27.58558,8250587.28,1040,3.0,960.439453125,1.0
8723851751,84.12756,27.61747,8250587.28,1040,3.0,960.43963623,1.0
8723851751,83.79507,27.54301,8250587.28,1040,3.0,960.439453125,1.0
8723851751,84.07916,27.79227,8250587.28,1040,3.0,960.43963623,1.0
8723851751,83.95223,27.6067,8250587.28,1040,3.0,960.439453125,1.0
8723851751,84.04787,27.84061,8250587.28,1040,3.0,960.43963623,1.0
8723851751,83.73824,27.44572,8250587.28,1040,3.0,1254.75524902,1.0
8723851751,84.03721,27.80688,8250587.28,1040,3.0,960.43963623,1.0
8723851751,84.0244,27.62319,8250587.28,1040,3.0,960.43963623,1.0
8723851751,85.3388,28.22422,8250587.28,1040,3.0,960.439575195,1.0
8723851751,82.93512,28.13092,8250587.28,1040,3.0,960.439453125,1.0
8723851751,82.55717,28.49724,8250587.28,1040,3.0,960.439453125,1.0
8723851751,83.58599,28.31441,8250587.28,1040,3.0,960.439453125,1.0
8723851751,85.88846,27.67139,8250587.28,1040,3.0,960.439331055,1.0
8723851751,85.61004,27.78326,8250587.28,1040,3.0,960.439331055,1.0
8723851751,85.56279,27.79818,8250587.28,1040,3.0,960.439331055,1.0
8723851751,85.6348,27.74047,8250587.28,1040,3.0,960.439331055,1.0
8723851751,85.96057,27.89573,8250587.28,1040,3.0,960.439331055,1.0
8723851751,85.91502,27.6988,8250587.28,1040,3.0,960.439331055,1.0
8723851751,85.76373,27.72394,8250587.28,1040,3.0,960.439331055,1.0
8723851751,85.57576,27.92701,8250587.28,1040,3.0,960.439331055,1.0
8723851751,85.83962,27.76948,8250587.28,1040,3.0,960.439331055,1.0
8723851751,85.8803,27.72642,8250587.28,1040,3.0,960.439331055,1.0
8723851751,85.72073,27.69532,8250587.28,1040,3.0,960.439331055,1.0
8723851751,85.5935,27.81152,8250587.28,1040,3.0,960.439331055,1.0
8723851751,85.52701,27.82197,8250587.28,1040,3.0,960.439331055,1.0
8723851751,85.79268,27.6791,8250587.28,1040,3.0,960.439331055,1.0
8723851751,85.83839,27.72484,8250587.28,1040,3.0,960.439331055,1.0
8723851751,87.65744,27.25393,8250587.28,1040,3.0,960.439453125,1.0
8723851751,87.25201,26.54707,8250587.28,1040,3.0,960.43927002,2.0
8723851751,87.18581,26.7488,8250587.28,1040,3.0,960.43927002,1.0
8723851751,87.25206,26.84107,8250587.28,1040,3.0,960.43927002,2.0
8723851751,87.14067,26.42774,8250587.28,1040,3.0,730.61932373,1.0
8723851751,87.18631,26.62984,8250587.28,1040,3.0,960.43927002,1.0
8723851751,87.06674,26.64512,8250587.28,1040,3.0,960.43927002,1.0
8723851751,87.23391,26.67843,8250587.28,1040,3.0,960.43927002,2.0
8723851751,87.08834,26.692,8250587.28,1040,3.0,960.43927002,1.0
8723851751,87.23662,26.57229,8250587.28,1040,3.0,960.43927002,2.0
8723851751,87.71708,27.21374,8250587.28,1040,3.0,960.439453125,1.0
8723851751,87.60891,27.25286,8250587.28,1040,3.0,960.439453125,1.0
8723851751,87.53691,27.1128,8250587.28,1040,3.0,960.439453125,1.0
8723851751,87.49486,27.06373,8250587.28,1040,3.0,960.439453125,1.0
8723851751,87.55623,27.19071,8250587.28,1040,2.0,960.439453125,1.0
8723851751,87.47339,27.00992,8250587.28,1040,3.0,960.439453125,1.0
8723851751,87.49147,27.03383,8250587.28,1040,3.0,960.439453125,1.0
8723851751,87.41632,27.11114,8250587.28,1040,3.0,960.439453125,1.0
8723851751,87.46863,27.08042,8250587.28,1040,3.0,960.439453125,1.0
8723851751,87.46326,27.12722,8250587.28,1040,3.0,960.439453125,1.0
8723851751,86.72917,26.55232,8250587.28,1040,3.0,960.439758301,2.0
8723851751,86.71078,26.63803,8250587.28,1040,3.0,960.439758301,1.0
8723851751,86.74544,26.56234,8250587.28,1040,3.0,960.439758301,2.0
8723851751,86.67716,26.56583,8250587.28,1040,3.0,960.439758301,1.0
8723851751,86.86404,26.64176,8250587.28,1040,3.0,960.439758301,1.0
8723851751,86.16771,26.87698,8250587.28,1040,3.0,960.439758301,1.0
8723851751,86.31769,26.83216,8250587.28,1040,3.0,960.439758301,1.0
8723851751,86.16139,26.77063,8250587.28,1040,3.0,960.439758301,1.0
8723851751,86.40616,26.64212,8250587.28,1040,3.0,960.439758301,1.0
8723851751,86.23158,26.60203,8250587.28,1040,3.0,960.439758301,1.0
8723851751,86.43332,26.64253,8250587.28,1040,3.0,960.439758301,1.0
8723851751,86.93731,26.79968,8250587.28,1040,3.0,960.439758301,1.0
8723851751,86.89622,26.8039,8250587.28,1040,3.0,960.439758301,1.0
8723851751,86.82818,26.7808,8250587.28,1040,3.0,960.439758301,1.0
8723851751,86.38466,27.07274,8250587.28,1040,3.0,960.439575195,1.0
8723851751,86.67546,26.89252,8250587.28,1040,3.0,960.439758301,1.0
8723851751,86.49998,27.07114,8250587.28,1040,3.0,960.439575195,1.0
8723851751,86.97817,26.75639,8250587.28,1040,3.0,960.439758301,1.0
8723851751,87.04712,26.79712,8250587.28,1040,3.0,960.43927002,1.0
8723851751,86.332,26.8979,8250587.28,1040,3.0,960.439758301,1.0
8723851751,80.54863,29.64998,8250587.28,1040,3.0,960.43951416,1.0
8723851751,81.16592,28.87441,8250587.28,1040,3.0,960.440002441,1.0
8723851751,81.24806,28.85773,8250587.28,1040,3.0,960.440002441,1.0
8723851751,81.77118,28.49418,8250587.28,1040,3.0,960.440002441,1.0
8723851751,81.94966,28.63088,8250587.28,1040,3.0,960.440002441,1.0
8723851751,81.31164,28.86052,8250587.28,1040,3.0,960.440002441,1.0
8723851751,81.6586,28.62094,8250587.28,1040,3.0,960.440002441,1.0
8723851751,81.97749,28.49466,8250587.28,1040,0.0,960.440002441,1.0
8723851751,81.50057,28.70307,8250587.28,1040,3.0,960.440002441,1.0
8723851751,81.08363,28.91261,8250587.28,1040,3.0,960.440002441,1.0
8723851751,81.80474,28.42882,8250587.28,1040,3.0,960.440002441,1.0
8723851751,82.39718,28.50393,8250587.28,1040,0.0,960.439453125,1.0
8723851751,82.22089,28.30821,8250587.28,1040,3.0,960.439453125,1.0
8723851751,82.33644,28.54453,8250587.28,1040,0.0,960.439453125,1.0
8723851751,82.3287,28.24361,8250587.28,1040,0.0,960.439453125,1.0
8723851751,82.17166,28.26321,8250587.28,1040,3.0,960.439453125,1.0
8723851751,82.35594,28.47741,8250587.28,1040,0.0,960.439453125,1.0
8723851751,82.10367,28.37739,8250587.28,1040,3.0,960.439453125,1.0
8723851751,82.14023,28.38211,8250587.28,1040,3.0,960.439453125,1.0
8723851751,82.39371,28.22279,8250587.28,1040,0.0,960.439453125,1.0
8723851751,86.35172,26.70714,8250587.28,1040,3.0,960.439758301,1.0
8723851751,85.49012,27.77502,8250587.28,1040,3.0,960.439331055,1.0
8723851751,85.50601,27.54126,8250587.28,1040,3.0,960.439331055,1.0
8723851751,85.49958,27.54358,8250587.28,1040,2.0,960.439331055,1.0
8723851751,85.52122,27.58466,8250587.28,1040,3.0,960.439331055,1.0
8723851751,85.488,27.39679,8250587.28,1040,3.0,960.439331055,1.0
8723851751,85.15774,27.92981,8250587.28,1040,3.0,960.439331055,2.0
8723851751,85.0882,27.97676,8250587.28,1040,3.0,960.439331055,1.0
8723851751,85.19628,27.92947,8250587.28,1040,3.0,960.439331055,1.0
8723851751,85.2144,28.00222,8250587.28,1040,3.0,960.439575195,1.0
8723851751,85.97692,26.8563,8250587.28,1040,3.0,960.439208984,1.0
8723851751,85.94407,27.59307,8250587.28,1040,3.0,960.439331055,1.0
8723851751,86.14854,27.7451,8250587.28,1040,3.0,960.439575195,1.0
8723851751,86.05969,27.70431,8250587.28,1040,3.0,960.439575195,1.0
8723851751,86.04214,27.70204,8250587.28,1040,3.0,960.439575195,1.0
8723851751,86.34884,27.57077,8250587.28,1040,3.0,960.439575195,1.0
8723851751,86.25136,27.45523,8250587.28,1040,3.0,960.439575195,1.0
8723851751,86.03244,27.35751,8250587.28,1040,3.0,960.439575195,1.0
8723851751,86.02235,27.45649,8250587.28,1040,3.0,960.439575195,1.0
8723851751,87.22445,26.9531,8250587.28,1040,3.0,960.43927002,1.0
8723851751,87.32357,26.38425,8250587.28,1040,4.0,730.61932373,1.0
8723851751,87.6989,26.66412,8250587.28,1040,3.0,960.43927002,2.0
8723851751,81.07139,28.65564,8250587.28,1040,3.0,960.440002441,1.0
8723851751,80.82331,28.53391,8250587.28,1040,3.0,960.439575195,1.0
8723851751,81.12663,28.52964,8250587.28,1040,3.0,960.440002441,2.0
8723851751,81.8257,28.76247,8250587.28,1040,0.0,960.440002441,1.0
8723851751,81.59558,28.75378,8250587.28,1040,3.0,960.440002441,1.0
8723851751,81.69779,28.89625,8250587.28,1040,3.0,960.440002441,1.0
8723851751,81.82402,28.93952,8250587.28,1040,3.0,960.440002441,1.0
8723851751,81.80608,28.90802,8250587.28,1040,3.0,960.440002441,1.0
8723851751,83.39481,28.22273,8250587.28,1040,3.0,960.439453125,1.0
8723851751,81.7832,29.15858,8250587.28,1040,3.0,960.43951416,1.0
8723851751,81.61555,29.18945,8250587.28,1040,3.0,960.43951416,1.0
8723851751,82.82589,28.09196,8250587.28,1040,3.0,960.439453125,1.0
8723851751,83.62082,28.19615,8250587.28,1040,3.0,960.439453125,1.0
8723851751,83.22911,28.43922,8250587.28,1040,3.0,960.439453125,1.0
8723851751,83.42367,28.29238,8250587.28,1040,3.0,960.439453125,1.0
8723851751,83.57228,28.40391,8250587.28,1040,3.0,960.439453125,1.0
8723851751,83.64086,28.49386,8250587.28,1040,3.0,960.439453125,1.0
8723851751,83.65128,28.49653,8250587.28,1040,3.0,960.439453125,1.0
8723851751,83.5937,28.3811,8250587.28,1040,3.0,960.439453125,1.0
8723851751,83.64485,28.04587,8250587.28,1040,3.0,960.439453125,1.0
8723851751,83.74089,27.42807,8250587.28,1040,3.0,1254.75524902,1.0
8723851751,81.81842,29.13841,8250587.28,1040,3.0,960.43951416,1.0
8723851751,81.54869,29.23127,8250587.28,1040,3.0,960.43951416,1.0
8723851751,85.96141,27.77567,8250587.28,1040,3.0,960.439331055,1.0
8723851751,85.87443,27.81164,8250587.28,1040,3.0,960.439331055,1.0
8723851751,85.6913,27.78084,8250587.28,1040,3.0,960.439331055,1.0
8723851751,85.53766,27.8677,8250587.28,1040,3.0,960.439331055,1.0
8723851751,85.87459,27.71764,8250587.28,1040,3.0,960.439331055,1.0
8723851751,85.71265,27.73405,8250587.28,1040,3.0,960.439331055,1.0
8723851751,85.38216,26.84644,8250587.28,1040,3.0,671.049804688,1.0
8723851751,86.29628,27.02946,8250587.28,1040,3.0,960.439575195,1.0
8723851751,86.28856,26.97273,8250587.28,1040,3.0,960.439758301,1.0
8723851751,85.9,27.15,8250587.28,1040,3.0,960.439331055,1.0
8723851751,85.99351,27.27632,8250587.28,1040,0.0,960.439331055,1.0
8723851751,87.21574,26.59537,8250587.28,1040,3.0,960.43927002,1.0
8723851751,87.20749,26.66515,8250587.28,1040,3.0,960.43927002,2.0
8723851751,87.19209,26.4892,8250587.28,1040,3.0,730.61932373,1.0
8723851751,87.10925,26.46377,8250587.28,1040,3.0,730.61932373,1.0
8723851751,87.14904,26.65737,8250587.28,1040,3.0,960.43927002,1.0
8723851751,87.51735,27.16242,8250587.28,1040,3.0,960.439453125,1.0
8723851751,86.21321,26.60117,8250587.28,1040,3.0,960.439758301,1.0
8723851751,86.55514,26.762,8250587.28,1040,3.0,960.439758301,1.0
8723851751,86.699,26.7919,8250587.28,1040,3.0,960.439758301,1.0
8723851751,81.88081,28.06403,8250587.28,1040,3.0,960.440002441,1.0
8723851751,81.76211,27.99245,8250587.28,1040,3.0,1284.24829102,1.0
8723851751,81.53852,28.12549,8250587.28,1040,3.0,960.440002441,1.0
8723851751,81.68391,29.14238,8250587.28,1040,3.0,960.43951416,1.0
8723851751,81.81829,29.38695,8250587.28,1040,3.0,960.43951416,1.0
8723851751,81.875,29.375,8250587.28,1040,3.0,960.43951416,1.0
8723851751,82.6252,28.35816,8250587.28,1040,3.0,960.439453125,1.0
8723851751,82.63122,28.47581,8250587.28,1040,3.0,960.439453125,1.0
8723851751,82.47139,28.16924,8250587.28,1040,3.0,960.439453125,1.0
8723851751,82.48511,28.42617,8250587.28,1040,0.0,960.439453125,1.0
8723851751,82.54753,28.36813,8250587.28,1040,3.0,960.439453125,1.0
8723851751,82.55628,28.19061,8250587.28,1040,3.0,960.439453125,1.0
8723851751,82.21017,28.41423,8250587.28,1040,3.0,960.439453125,1.0
8723851751,82.33545,28.51126,8250587.28,1040,0.0,960.439453125,1.0
8723851751,83.49077,27.51046,8250587.28,1040,3.0,960.439453125,2.0
8723851751,85.90562,27.79172,8250587.28,1040,3.0,960.439331055,1.0
8723851751,82.31421,28.43717,8250587.28,1040,3.0,960.439453125,1.0
